status,product_area,response,justification,request_type
escalated,claude,Unable to generate a structured response. Escalating for human review.,LLM response was missing required fields.,product_issue
replied,hackerrank,"I understand you're concerned about your test score and its impact on your application. However, HackerRank support cannot directly intervene in candidate evaluations or alter test scores. As mentioned in the documentation, if you have concerns about the test content, you should reach out to the recruiter or hiring team directly.",The documentation states that HackerRank Support does not provide real-time responses to all candidate tickets and directs candidates to contact their recruiter or hiring team directly regarding custom test content. The documentation also states that HackerRank does not notify the recruiter or hiring teams about individual candidate issues to maintain the privacy and integrity of the candidates.,product_issue
replied,support,"If you have concerns involving a merchant, you can take action immediately by filling out the form available here: [/Forms/visa-rules.html]. You can also dispute a charge by contacting your issuer or bank using the freephone number located on the front or back of your Visa card.",The documentation provides information on how to handle concerns about a merchant and how to dispute a charge.,product_issue
replied,hackerrank_community,"I am sorry to hear that your mock interview stopped unexpectedly. If you are not satisfied with your mock interview, you can contact help@hackerrank.com. The support team will promptly review your request.",The documentation states that if a user is not satisfied with their mock interview they should contact help@hackerrank.com.,product_issue
replied,hackerrank,"If you are referring to a HackerRank product, please refresh the page and retry the payment. If any amount was deducted incorrectly, it will be refunded within 5–10 business days. If you are referring to a Claude product, you can view your charges for the current billing period by checking the Billing page within your Claude Console settings.",The documentation provides information on payment failures and refunds for both HackerRank and Claude products.,product_issue
replied,uncategorized,"I can help you get started with using HackerRank for hiring. HackerRank is a technology hiring platform that enables you to hire skilled developers by conducting online assessments. To familiarize your candidates with the platform, communicate how HackerRank assessments work, what they can expect, and how long they may take.",The documentation describes how HackerRank can be used for hiring and onboarding candidates.,product_issue
replied,skillup,"It sounds like you're having trouble accessing practice challenges. Challenges related to Learn and Badge experiences are untimed, and you can reattempt modules as needed to master the content. Please ensure you are logged in and have a stable internet connection.",The documentation mentions untimed challenges for practice and the ability to reattempt modules.,product_issue
replied,hackerrank_community,"If your submissions are not working across any challenges, please try the following steps: Close the challenge window and reopen it using the same link. Also, try opening the challenge in another supported browser like Chrome, Firefox, or Edge. Finally, ensure that your internet connection is stable.","The documentation provides troubleshooting steps for challenges that do not load or show processing messages, which seems relevant to the user's issue.",bug
replied,hackerrank,"It sounds like you're encountering an issue with Zoom connectivity during a compatibility check for a test. The documentation suggests ensuring a stable internet connection and trying a supported browser like Chrome, Firefox, or Edge. If the problem persists, consider contacting HackerRank support directly at help@hackerrank.com.","The user is having issues with zoom connectivity, and the documentation provides general troubleshooting steps for connectivity issues and suggests contacting support.",product_issue
escalated,hackerrank,Unable to generate a structured response. Escalating for human review.,LLM response was missing required fields.,product_issue
escalated,hackerrank,Unable to generate a structured response. Escalating for human review.,LLM response was missing required fields.,product_issue
replied,claude,I am sorry to hear that you are experiencing issues with Claude. Please visit support.anthropic.com for assistance. You can also check your account settings for help options.,"The documentation mentions that for anything related to Claude, users should visit the support center or check their account settings.",product_issue
escalated,hackerrank,Unable to generate a structured response. Escalating for human review.,LLM response was missing required fields.,product_issue
replied,hackerrank,"You can pause your HackerRank subscription temporarily instead of canceling it. To do so, navigate to Settings > Billing > Cancel Plan, and then select a pause duration between 1 and 12 months. Please note that this feature is only available for monthly subscriptions to Individual Monthly, Basic, or Interview Monthly plans that have been active for at least 30 days.",The documentation provides clear instructions on how to pause a subscription.,product_issue
replied,claude,"I am sorry to hear that Claude has stopped responding. According to the documentation, if Claude stopped working on a task, ensure that the Claude Desktop app was open throughout the entire task. If the app was closed or your computer went to sleep, the session may have ended.",The documentation provides troubleshooting steps for when Claude stops working.,bug
replied,visa,"If your identity has been stolen and it involves your Visa card, visit our Lost or Stolen card page to learn how to cancel your card or get an emergency replacement card. You can also report a phone scam that uses Visa's name by contacting us.",The documentation directly addresses identity theft and provides instructions on what to do.,product_issue
replied,hackerrank_community,"The HackerRank Resume Builder helps you create a professional resume. You can build from scratch using a template or import an existing resume in .doc, .docx, or .pdf format. To access it, log in to HackerRank Community, click the App Switcher (grid icon), and select Resume Builder.",The documentation describes how to access and use the resume builder.,bug
replied,certifications,"You can update the name on your certificate only once per account. To update the name on your certificate: Open your certificate page. In the **Full Name** field, enter the name you want to display. Click **Regenerate Certificate**. In the confirmation dialog, click **Update Name**.",The documentation clearly explains how to update the name on a certification.,product_issue
replied,visa,"To dispute a charge, please contact your issuer or bank using the freephone number located on the front or back of your Visa card. In many cases, your issuer or bank will require detailed information regarding the transaction before resolving the disputed charge.",The documentation explicitly states how to dispute a charge.,product_issue
replied,claude,"Thank you for reporting a potential security vulnerability in Claude. Please review our Responsible Disclosure Policy at https://www.anthropic.com/responsible-disclosure-policy, which includes a section on how to submit a report. You can also submit your report directly at https://hackerone.com/297a385f-b3bd-4ecd-9466-7d9ad55371ce/embedded_submissions/new.",The documentation provides clear instructions on how to report security vulnerabilities through the Responsible Disclosure Policy and a direct link to the submission form.,product_issue
replied,claude,"To prevent Anthropic's crawlers from accessing your website, you need to modify the robots.txt file in your top-level directory. Add ""User-agent: ClaudeBot Disallow: /"" to this file for every subdomain you wish to opt out from. This ensures that ClaudeBot respects the 'do not crawl' signal.",The documentation provides clear instructions on how to block Anthropic's crawlers using the robots.txt file.,product_issue
replied,consumer,"Visa cards can be used for cash withdrawals at ATMs worldwide displaying the Visa PLUS logo. You can locate ATMs using the Visa ATM locator. Additionally, if your card is lost or stolen, Visa's Global Customer Assistance Services (GCAS) can provide emergency cash services.",The documentation mentions ATM withdrawals and emergency cash services through GCAS.,product_issue
replied,claude,"When you allow Claude to use your chats to help improve the models, your data is automatically de-linked from your user ID before any review. Your data is used solely to make Claude better for everyone, and you maintain full control and can adjust your privacy settings at any time.",The documentation explains how user data is used to improve Claude and how privacy is protected.,product_issue
escalated,security,This request has been flagged for security review and escalated to our team.,Input contains prompt injection signals and cannot be processed automatically.,invalid
escalated,visa,Unable to generate a structured response. Escalating for human review.,LLM response was missing required fields.,product_issue
escalated,claude,Unable to generate a structured response. Escalating for human review.,LLM response was missing required fields.,product_issue
escalated,hackerrank,Unable to generate a structured response. Escalating for human review.,LLM response was missing required fields.,product_issue
replied,claude-for-education,"To set up a Claude LTI key for your students, you'll need to create a Claude LTI Developer Key in Canvas and then install the Claude LTI as an app. After that, you can turn on the Claude LTI Integration in Claude for Education organization settings. Please refer to the article 'Set up the Claude LTI in Canvas by Instructure' for detailed steps.","The documentation provides a step-by-step guide on setting up the Claude LTI in Canvas, which is what the professor is asking about.",product_issue
replied,visa,Visa may require a minimum transaction amount of US$10 in the USA and US territories for credit card transactions.,"According to documentation, merchants in these locations can set a minimum or maximum amount for Visa transactions, with exceptions applying in the USA and US territories.",product_issue
